<?xml version="1.0" encoding="utf-8"?>
<extension type="component" version="3.0" method="upgrade">
    <name>com_ppipnlistener</name>
    <creationDate>2018-10-18</creationDate>
    <copyright>2018 Creative Spirits</copyright>
    <license>GNU General Public License version 2 or later; see LICENSE.txt</license>
    <author>Ted Lowe</author>
    <authorEmail>lists@creativespirits.org</authorEmail>
    <authorUrl>http://www.creativespirits.org</authorUrl>
    <version>1.0.0</version>
    <description>Listen for PayPal IPN messages and respond.</description>
    
    
    
    <install> <!-- Runs on install -->
        <sql>
            <file driver="mysql" charset="utf8">sql/install.mysql.utf8.sql</file>
        </sql>
    </install>
    <update> <!-- Runs on update -->
        <sql>
            <file driver="mysql" charset="utf8">sql/update.mysql.utf8.sql</file>
        </sql>
    </update>
    <uninstall> <!-- Runs on uninstall -->
        <sql>
            <file driver="mysql" charset="utf8">sql/uninstall.mysql.utf8.sql</file>
        </sql>
    </uninstall>

    <files folder="site">
        <filename>index.html</filename>
        <filename>ppipnlistener.php</filename>
        <filename>controller.php</filename>
        <filename>router.php</filename>
        <folder>views</folder>
        <folder>models</folder>
        <folder>controllers</folder>
        <folder>helpers</folder>
    </files>
    <media destination="com_ppipnlistener" folder="media">
        <folder>js</folder>
        <folder>css</folder>
    </media>
    <languages folder="site/languages">
        
			<language tag="en-GB">en-GB/en-GB.com_ppipnlistener.ini</language>
    </languages>
    <administration>
        
        <submenu>
            
        </submenu>
        <files folder="administrator">
            <filename>access.xml</filename>
            <filename>config.xml</filename>
            <filename>controller.php</filename>
            <filename>index.html</filename>
            <filename>ppipnlistener.php</filename>
            <folder>controllers</folder>
            <folder>assets</folder>
            <folder>helpers</folder>
            <folder>models</folder>
            <folder>sql</folder>
            <folder>tables</folder>
            <folder>views</folder>
        </files>
        <languages folder="administrator/languages">
            
			<language tag="en-GB">en-GB/en-GB.com_ppipnlistener.ini</language>
			<language tag="en-GB">en-GB/en-GB.com_ppipnlistener.sys.ini</language>
        </languages>
    </administration>
    <config>
        <fields name="params">
            <fieldset name="component">
                <field name="save_history" default="0" />
            </fieldset>
        </fields>
    </config>
    <plugins>
        <plugin group="search" plugin="ppipnlistener"/>
    </plugins>
	<updateservers>
   		<server type="extension" priority="1" name="com_ppipnlistener">http://creativespirits.org/products/joomla/com_ppipnlistener-update.xml</server>
	</updateservers>    
</extension>
<!-- Component built by the Joomla Component Creator -->
<!-- http://www.component-creator.com/ -->
